{
	"class_name" : "ViewTrajectory",
	"interval" : 29,
	"is_loop" : false,
	"trajectory" : 
	[
		{
			"boundingbox_max" : [ 57.366597771035025, 35.139898721460504, 2.6755623623976064 ],
			"boundingbox_min" : [ -49.352191246579046, -77.135157738601819, -4.3324021597229345 ],
			"field_of_view" : 60.0,
			"front" : [ -0.82105186125140217, -0.24149769504190435, 0.51725497042083191 ],
			"lookat" : [ -2.3273983466720867, 0.11899999222967703, 0.84795569864897702 ],
			"up" : [ 0.50395332303428131, 0.11899522564227219, 0.85549470160664931 ],
			"zoom" : 0.13999999999999962
		}
	],
	"version_major" : 1,
	"version_minor" : 0
}